{
  "_fv": 43,
  "_type": "armor",
  "definition": {
    "enableHelmet": true,
    "textureHelmet": "helmet",
    "enableBody": true,
    "textureBody": "chestplate",
    "enableLeggings": true,
    "textureLeggings": "leggings",
    "enableBoots": true,
    "textureBoots": "boots",
    "creativeTab": {
      "value": "CUSTOM:DracCreatTab"
    },
    "armorTextureFile": "draconite_layer1",
    "helmetName": "Draconite Helmet",
    "bodyName": "Draconite Chestplate",
    "leggingsName": "Draconite Leggings",
    "bootsName": "Draconite Boots",
    "helmetSpecialInfo": [],
    "bodySpecialInfo": [],
    "leggingsSpecialInfo": [],
    "bootsSpecialInfo": [],
    "helmetModelName": "Default",
    "helmetModelPart": "Helmet",
    "helmetModelTexture": "From armor",
    "bodyModelName": "Default",
    "bodyModelPart": "Body",
    "armsModelPartL": "Arms L",
    "armsModelPartR": "Arms R",
    "bodyModelTexture": "From armor",
    "leggingsModelName": "Default",
    "leggingsModelPartL": "Leggings L",
    "leggingsModelPartR": "Leggings R",
    "leggingsModelTexture": "From armor",
    "bootsModelName": "Default",
    "bootsModelPartL": "Boots L",
    "bootsModelPartR": "Boots R",
    "bootsModelTexture": "From armor",
    "helmetItemRenderType": 0,
    "helmetItemCustomModelName": "Normal",
    "bodyItemRenderType": 0,
    "bodyItemCustomModelName": "Normal",
    "leggingsItemRenderType": 0,
    "leggingsItemCustomModelName": "Normal",
    "bootsItemRenderType": 0,
    "bootsItemCustomModelName": "Normal",
    "helmetImmuneToFire": false,
    "bodyImmuneToFire": false,
    "leggingsImmuneToFire": false,
    "bootsImmuneToFire": false,
    "maxDamage": 40,
    "damageValueHelmet": 2,
    "damageValueBody": 8,
    "damageValueLeggings": 6,
    "damageValueBoots": 3,
    "enchantability": 15,
    "toughness": 3.0,
    "knockbackResistance": 0.0,
    "equipSound": {
      "value": "item.armor.equip_netherite"
    },
    "repairItems": [
      {
        "value": "CUSTOM:Draconite"
      }
    ]
  }
}