{
  "_fv": 43,
  "_type": "tool",
  "definition": {
    "renderType": 0,
    "texture": "drac_hoe",
    "customModelName": "Normal",
    "name": "Draconite Hoe",
    "specialInfo": [],
    "creativeTab": {
      "value": "CUSTOM:DracCreatTab"
    },
    "toolType": "Hoe",
    "harvestLevel": 5,
    "efficiency": 10.0,
    "attackSpeed": 3.0,
    "enchantability": 20,
    "damageVsEntity": 2.0,
    "usageCount": 2500,
    "blocksAffected": [],
    "hasGlow": false,
    "repairItems": [],
    "immuneToFire": true,
    "stayInGridWhenCrafting": false,
    "damageOnCrafting": false
  }
}