{
  "type": "minecraft:crafting_shaped",
  "pattern": [
    " 1 ",
    "345",
    " 7 "
  ],
  "key": {
    "1": {
      "item": "the_draconite_ore:draconite_nugget"
    },
    "3": {
      "item": "the_draconite_ore:draconite_nugget"
    },
    "4": {
      "item": "minecraft:nether_star"
    },
    "5": {
      "item": "the_draconite_ore:draconite_nugget"
    },
    "7": {
      "item": "the_draconite_ore:draconite_nugget"
    }
  },
  "result": {
    "item": "the_draconite_ore:draconite",
    "count": 1
  }
}