{
  "_fv": 34,
  "_type": "tool",
  "definition": {
    "renderType": 0,
    "texture": "draconite_shovel",
    "customModelName": "Normal",
    "name": "Draconite Shovel",
    "specialInfo": [],
    "creativeTab": {
      "value": "TOOLS"
    },
    "toolType": "Hoe",
    "harvestLevel": 5,
    "efficiency": 10.0,
    "attackSpeed": 1.0,
    "enchantability": 20,
    "damageVsEntity": 3.0,
    "usageCount": 2500,
    "blocksAffected": [],
    "hasGlow": false,
    "repairItems": [],
    "immuneToFire": true,
    "stayInGridWhenCrafting": false,
    "damageOnCrafting": false
  }
}