{
  "_fv": 34,
  "_type": "recipe",
  "definition": {
    "recipeType": "Smithing",
    "xpReward": 0.0,
    "cookingTime": 200,
    "recipeRetstackSize": 1,
    "group": "",
    "recipeShapeless": false,
    "smithingInputStack": {
      "value": "Items.NETHERITE_SHOVEL"
    },
    "smithingInputAdditionStack": {
      "value": "CUSTOM:Draconite"
    },
    "smithingReturnStack": {
      "value": "CUSTOM:DraconiteShovel"
    },
    "name": "recipie_draconite_shovel_n",
    "namespace": "mod"
  }
}